Income,Recency,MntWines,NumWebPurchases,MntMeatProducts,Kidhome,Teenhome,Age
16813.0,49,4,2,11,0,0,75
64191.0,30,420,5,186,0,1,62
71969.0,59,1000,3,76,0,1,54
29187.0,43,26,1,6,1,0,57
4428.0,0,16,25,12,0,1,56
89891.0,17,412,11,132,0,0,34
82014.0,48,980,3,265,0,0,64
48794.0,97,25,1,11,1,1,72
77583.0,93,372,4,384,0,0,47
33564.0,51,61,1,3,0,1,59
38285.0,96,2,0,5,2,1,66
78825.0,35,483,5,114,0,0,61
36065.0,54,18,3,34,1,1,57
15253.0,13,1,1,3,1,0,33
57183.0,51,464,9,64,1,1,59
48789.0,94,351,6,156,0,0,33
37774.0,28,173,7,107,2,0,48
81205.0,43,724,5,929,0,0,55
81320.0,61,183,4,493,0,0,67
78901.0,99,321,9,309,0,1,52
94642.0,35,879,5,797,0,0,74
52614.0,63,789,2,142,0,1,50
22701.0,2,2,1,9,1,0,48
28427.0,67,18,2,19,1,0,42
33279.0,29,10,0,3,0,0,59
57867.0,48,344,7,178,1,0,47
48767.0,79,28,2,21,1,2,75
41769.0,31,302,8,131,0,1,70
17003.0,37,2,2,12,1,0,50
65526.0,22,397,4,69,0,1,61
29543.0,47,17,3,18,2,0,57
67680.0,8,546,7,48,0,1,74
55282.0,9,125,3,73,1,0,55
,25,25,3,43,1,0,52
8940.0,25,1,3,3,1,0,39
65352.0,43,284,4,84,0,1,51
57236.0,22,105,2,9,1,1,60
51948.0,51,82,5,54,0,1,50
60839.0,72,600,2,128,1,1,46
86836.0,7,179,6,273,0,0,50
40233.0,84,80,2,46,0,1,50
22682.0,51,10,2,29,1,0,52
28427.0,67,18,2,19,1,0,42
54591.0,63,376,6,94,0,1,76
20587.0,39,2,1,6,1,0,55
45203.0,4,35,3,67,2,0,43
47682.0,80,162,4,83,0,1,50
92556.0,32,493,3,352,0,0,65
63943.0,50,423,6,368,0,1,69
18890.0,5,6,0,1,0,0,41
81051.0,43,1142,5,249,0,0,60
46998.0,55,172,5,86,0,1,69
71853.0,29,358,2,413,0,0,43
38513.0,20,172,6,115,1,0,43
49912.0,5,520,10,223,0,1,76
44911.0,11,159,4,22,0,1,66
72354.0,67,315,2,473,0,0,32
56181.0,6,121,4,69,0,1,63
65324.0,0,384,6,102,0,1,71
25293.0,51,15,1,11,1,0,56
75433.0,28,800,2,297,1,0,36
47570.0,3,67,2,20,1,1,76
69084.0,43,1181,7,199,1,0,55
39684.0,41,19,2,35,1,0,41
86718.0,20,344,5,482,0,0,71
79689.0,65,311,4,640,0,0,49
64100.0,93,509,8,27,0,1,61
54058.0,56,198,4,252,0,1,49
55954.0,63,447,8,28,0,1,57
68117.0,80,618,11,215,0,1,78
60432.0,61,365,7,15,0,1,52
51141.0,96,144,3,7,0,0,85
23228.0,91,53,3,49,1,0,41
37334.0,44,26,3,16,1,1,67
63342.0,48,918,8,118,0,1,64
55357.0,66,374,6,116,2,0,40
31859.0,77,3,1,3,1,0,49
71853.0,29,358,2,413,0,0,43
85696.0,88,714,4,395,0,0,63
81843.0,13,779,5,537,0,0,65
37040.0,41,86,4,73,0,0,43
15072.0,96,8,3,15,2,0,45
19986.0,74,3,0,5,1,0,40
57906.0,29,243,4,119,0,1,52
81741.0,75,249,6,940,0,0,45
38620.0,56,112,2,44,0,0,62
94384.0,62,1111,5,790,0,0,72
30538.0,27,284,9,52,1,0,54
54450.0,0,454,9,171,1,1,69
69267.0,31,778,3,499,0,0,72
35701.0,36,21,1,9,0,0,66
13672.0,86,6,1,9,1,1,65
85606.0,89,717,6,864,0,1,49
70337.0,75,187,2,149,0,0,46
38829.0,86,76,3,7,0,1,66
43462.0,50,90,4,97,1,1,73
61314.0,1,378,5,189,0,1,57
60474.0,25,265,10,303,0,1,46
62710.0,53,441,4,83,0,1,53
50300.0,52,143,2,60,0,1,73
26326.0,12,1,0,5,0,0,49
40548.0,31,110,2,5,0,1,55
37716.0,4,97,4,41,0,1,72
46757.0,71,777,4,163,0,1,62
24570.0,97,28,4,62,1,0,41
52845.0,7,384,8,292,1,0,52
46423.0,6,68,2,16,1,1,53
67716.0,8,530,7,217,0,1,65
96547.0,4,448,7,125,0,0,45
80950.0,44,525,6,112,0,0,64
64497.0,17,1170,11,320,0,1,71
46098.0,86,57,3,27,1,1,50
27238.0,39,37,3,17,1,1,63
58025.0,81,270,3,88,0,1,46
68092.0,7,852,2,207,0,0,47
71466.0,86,412,4,546,0,0,51
43815.0,53,14,2,29,1,0,43
70440.0,49,690,5,499,0,0,47
28587.0,42,22,2,17,1,0,47
73807.0,88,366,5,156,0,1,47
43057.0,30,213,4,44,0,1,50
7500.0,98,5,2,17,1,0,40
14906.0,86,7,2,14,0,0,39
37235.0,68,20,1,9,1,0,41
72460.0,56,377,3,540,0,0,56
43783.0,22,327,7,125,1,0,47
38443.0,58,32,1,5,1,1,57
53858.0,50,407,4,221,0,1,49
22507.0,67,68,10,226,0,0,71
44155.0,24,22,1,9,1,1,68
85072.0,94,494,3,391,0,0,48
82170.0,13,1023,5,651,0,0,47
7500.0,94,0,0,3,0,0,38
9255.0,91,9,1,7,1,0,36
38576.0,2,34,1,7,0,1,52
81246.0,87,398,4,537,0,0,61
41713.0,57,77,3,44,1,1,61
43586.0,26,99,3,11,0,1,45
71322.0,57,753,8,226,0,1,60
39767.0,18,113,7,204,0,0,74
33562.0,33,21,2,12,1,2,62
79941.0,72,123,2,266,0,0,49
41638.0,68,315,5,31,0,1,61
62466.0,13,129,6,259,0,1,55
29672.0,6,9,0,3,1,1,60
38998.0,92,34,2,14,1,1,71
53863.0,4,399,7,30,0,1,70
54984.0,51,173,6,131,0,1,66
26877.0,74,101,3,76,0,0,56
64449.0,70,218,5,282,1,0,36
62905.0,68,166,7,96,0,1,61
67272.0,12,357,6,271,0,1,59
36930.0,50,223,5,31,0,1,71
51012.0,86,102,4,63,0,0,79
58330.0,87,445,6,213,0,1,50
28567.0,57,11,2,22,1,0,43
10979.0,34,8,3,10,0,0,36
22574.0,28,25,2,8,2,1,58
,49,5,1,9,1,1,61
56320.0,11,201,5,172,0,1,58
43140.0,68,134,4,76,0,1,68
80982.0,48,505,11,401,1,1,66
70932.0,57,200,6,100,0,1,53
75032.0,74,952,5,180,0,1,66
27190.0,13,1,1,7,1,0,52
54880.0,57,308,6,137,1,0,47
79146.0,33,245,8,223,1,1,58
34109.0,39,9,0,5,0,1,54
61923.0,94,92,2,18,0,2,64
69759.0,38,452,4,514,0,0,59
,45,7,1,8,1,1,68
40451.0,54,35,1,4,0,2,68
42403.0,18,22,1,11,1,0,54
78028.0,38,158,6,288,0,1,69
59304.0,81,418,7,428,0,1,61
69674.0,46,554,10,215,0,2,57
19485.0,80,6,1,4,2,0,39
10979.0,34,8,3,10,0,0,36
80872.0,60,483,4,567,0,0,74
29298.0,60,6,1,2,1,1,74
13084.0,29,2,1,7,0,0,73
82032.0,54,332,4,377,0,0,77
64474.0,59,381,8,172,0,1,53
26290.0,49,15,2,16,1,1,53
41145.0,20,9,0,3,1,1,75
35246.0,53,36,3,12,1,1,67
98777.0,23,1000,4,711,0,0,65
76081.0,85,292,4,415,0,0,63
50183.0,47,97,3,84,1,1,45
28839.0,86,24,2,7,1,1,69
86610.0,66,446,5,768,0,0,74
70829.0,87,141,4,106,1,1,45
62807.0,83,526,5,135,0,1,65
80427.0,56,1149,11,449,0,1,50
82224.0,83,307,6,360,0,0,61
18227.0,21,1,0,7,1,0,38
34600.0,8,199,5,60,1,1,54
30992.0,83,17,1,14,1,0,49
31535.0,95,15,1,13,1,0,45
70777.0,80,554,5,113,0,1,57
53103.0,70,729,10,133,0,1,71
17117.0,96,12,3,38,1,0,47
48948.0,53,437,7,206,0,0,82
50520.0,25,112,3,6,0,1,67
36145.0,13,56,4,76,1,0,40
34633.0,31,8,1,5,2,1,69
33996.0,46,40,1,15,0,0,36
51148.0,38,235,5,45,1,1,52
58646.0,3,62,2,44,0,1,63
72309.0,64,960,5,883,0,0,49
83917.0,12,514,6,732,0,0,52
47025.0,6,16,1,3,1,1,60
46910.0,36,48,2,14,1,1,61
80124.0,47,483,3,398,0,0,62
54998.0,3,154,4,202,0,1,69
41120.0,80,24,2,23,1,1,57
54603.0,85,145,4,46,1,1,69
65748.0,58,172,2,93,0,1,70
50664.0,64,313,8,104,1,1,66
67445.0,63,757,9,217,0,1,51
70044.0,46,1073,7,250,0,1,71
53312.0,32,241,5,12,0,0,74
57957.0,24,290,4,177,0,1,66
47353.0,93,184,2,19,0,1,65
64587.0,49,66,1,16,1,1,71
47320.0,10,200,5,111,0,1,68
86429.0,10,464,7,873,0,0,64
38593.0,42,51,4,49,1,0,47
72905.0,52,407,3,445,0,0,67
34242.0,25,8,0,4,0,1,66
72228.0,87,631,6,491,0,0,73
73926.0,54,627,6,597,0,0,52
29672.0,6,9,0,3,1,1,60
34421.0,81,3,1,7,1,0,51
26228.0,50,2,1,4,1,0,52
68655.0,95,456,4,832,0,0,37
46734.0,40,110,6,137,0,1,71
42586.0,7,194,4,56,1,1,70
41658.0,30,8,1,12,1,1,50
26091.0,84,15,2,19,1,1,68
54803.0,65,404,6,92,0,1,56
63972.0,93,928,5,254,0,1,61
39356.0,21,15,1,2,1,1,49
85485.0,73,630,6,611,0,0,67
30560.0,6,9,1,5,1,0,49
77610.0,70,1245,4,332,0,1,73
27450.0,57,37,2,23,0,0,74
31859.0,3,3,1,7,1,0,45
48699.0,90,26,1,10,1,1,75
80685.0,55,241,6,604,0,0,31
59052.0,29,230,7,75,0,1,66
70179.0,10,532,7,168,0,1,49
35924.0,56,8,1,14,1,1,56
59666.0,87,623,3,178,1,1,53
90933.0,90,1020,4,430,0,0,71
30833.0,33,11,1,7,1,1,74
60585.0,17,267,7,309,1,1,54
22979.0,29,16,3,19,1,0,55
77297.0,84,408,5,109,0,0,68
1730.0,65,1,0,3,0,0,54
38452.0,62,56,3,14,1,1,70
59292.0,71,378,3,68,0,1,75
23442.0,71,2,1,6,1,0,38
39453.0,64,46,2,7,1,0,42
39922.0,30,29,3,59,1,0,42
59481.0,47,178,3,85,0,1,50
33444.0,24,8,1,8,1,1,73
82497.0,32,777,2,573,0,0,45
46107.0,78,31,1,27,1,0,36
94871.0,99,169,8,553,0,2,56
70596.0,68,347,3,534,0,0,40
30560.0,6,9,1,5,1,0,49
65104.0,4,738,3,232,0,1,49
25959.0,1,4,1,12,1,1,55
71613.0,26,426,8,127,0,0,60
64176.0,52,1215,8,249,0,1,60
51287.0,10,117,4,22,1,1,57
36026.0,34,20,2,10,2,1,53
83532.0,36,755,4,562,0,0,126
78931.0,19,331,2,170,0,0,54
38179.0,30,38,3,22,1,1,59
22585.0,23,3,1,15,0,0,55
88097.0,24,163,6,480,1,0,47
7500.0,96,1,2,5,1,0,39
31788.0,15,16,3,23,1,0,42
29760.0,87,64,3,68,1,0,40
61074.0,37,789,11,133,0,1,67
26868.0,52,0,1,1,1,0,34
46904.0,20,153,5,56,1,1,58
51195.0,46,230,9,156,1,1,63
66294.0,68,251,4,334,0,0,60
45684.0,37,5,1,5,1,0,54
26150.0,61,5,1,13,2,1,69
75865.0,73,483,3,591,0,0,82
29315.0,55,13,2,14,1,1,65
51569.0,39,380,7,47,0,1,76
31160.0,59,16,2,25,1,0,50
46923.0,90,85,5,54,1,0,38
62845.0,3,1099,3,45,1,1,76
90226.0,26,1083,4,649,0,0,69
44602.0,35,167,6,89,1,1,56
12571.0,86,3,3,14,1,0,49
68397.0,6,760,6,466,0,1,49
37395.0,47,18,1,9,1,0,49
48686.0,8,10,1,7,1,2,72
65210.0,25,626,9,70,0,1,70
84906.0,98,997,5,414,0,0,53
79205.0,73,504,6,117,0,0,50
59111.0,90,524,11,134,0,0,71
72066.0,55,1003,4,536,0,0,44
30372.0,33,15,2,12,1,1,54
59892.0,26,73,2,13,0,1,55
54693.0,72,686,6,142,0,1,63
77863.0,20,881,4,319,0,0,67
34026.0,11,18,2,15,1,1,75
18929.0,15,32,1,8,0,0,35
66835.0,21,620,6,195,0,0,79
33456.0,58,7,1,10,1,1,60
45889.0,42,31,1,6,0,1,45
44322.0,30,46,3,40,1,0,40
61286.0,34,356,7,107,0,1,59
30522.0,6,179,1,83,0,1,65
90000.0,91,675,4,133,0,0,41
55375.0,3,42,1,57,0,1,48
44051.0,20,79,3,58,1,1,52
61905.0,2,167,4,43,0,1,50
48240.0,73,389,6,248,0,0,56
45759.0,13,42,2,18,1,1,61
68316.0,54,806,10,161,0,1,61
22327.0,94,5,1,8,1,0,40
48178.0,69,159,5,45,1,1,50
77622.0,3,520,6,154,0,2,55
33178.0,9,12,1,2,1,0,48
23763.0,64,22,1,6,1,0,48
52531.0,68,283,7,151,0,0,54
64950.0,29,819,11,72,0,1,74
25176.0,79,4,1,4,1,1,49
9548.0,31,0,1,3,1,0,49
71367.0,24,227,4,389,0,0,66
71626.0,94,546,5,376,0,0,46
22010.0,51,11,2,9,1,0,42
36283.0,42,6,1,5,1,1,49
36301.0,53,11,3,35,1,0,49
43269.0,61,10,1,7,1,0,53
82571.0,28,861,6,558,0,0,63
57100.0,19,181,3,69,0,0,52
25252.0,26,1,1,4,1,0,39
82800.0,23,1006,7,115,0,0,79
46423.0,6,68,2,16,1,1,53
38452.0,62,56,3,14,1,1,70
32765.0,49,13,2,17,1,0,46
76532.0,38,355,9,177,1,1,50
,52,375,4,48,1,1,56
44989.0,26,98,5,106,0,1,51
49431.0,9,219,7,100,0,1,70
64014.0,56,406,8,30,2,1,79
69139.0,23,86,4,75,0,1,60
66582.0,83,789,2,420,0,0,56
85844.0,62,938,6,843,0,0,52
46854.0,81,96,5,79,1,1,52
34578.0,1,7,1,1,2,1,53
34380.0,68,72,4,58,1,0,48
44689.0,82,18,1,5,1,1,74
64590.0,98,920,9,168,0,0,57
70179.0,10,532,7,168,0,1,49
18169.0,40,9,1,5,1,0,40
67546.0,90,864,4,768,0,0,37
74268.0,83,199,4,315,0,0,70
42162.0,31,46,3,59,1,0,44
92163.0,25,817,5,797,0,0,50
69263.0,14,492,9,32,0,1,60
22280.0,85,2,1,4,1,0,50
85683.0,6,1296,2,311,0,0,71
77437.0,70,560,4,442,0,0,62
77037.0,3,463,7,333,0,1,65
19444.0,8,16,4,23,1,0,43
36130.0,46,157,3,127,0,1,71
47025.0,52,254,6,108,0,1,49
30772.0,89,7,1,4,1,1,49
,80,81,1,50,0,0,66
38808.0,21,125,5,52,1,0,53
33378.0,38,33,2,40,1,1,62
33249.0,11,6,2,21,1,0,50
34554.0,43,41,2,6,0,1,66
40344.0,48,210,4,6,0,1,51
30992.0,83,17,1,14,1,0,49
61559.0,8,279,4,88,0,1,60
52413.0,56,295,6,271,0,2,56
55158.0,72,293,7,87,1,1,55
78642.0,83,1396,4,322,0,1,54
,53,32,0,1607,0,0,47
34838.0,62,28,2,29,1,1,74
15862.0,26,1,1,4,1,0,46
50014.0,9,234,4,77,1,0,57
22775.0,40,5,1,8,1,0,47
60689.0,23,240,4,216,0,1,74
69627.0,35,231,8,215,0,1,63
81361.0,18,163,3,424,0,0,38
71128.0,80,958,2,447,1,0,52
61180.0,70,403,5,29,0,1,66
67786.0,0,431,3,441,0,0,66
33249.0,11,6,2,21,1,0,50
65031.0,29,258,10,291,0,1,66
27203.0,92,13,1,21,1,1,75
62807.0,83,526,5,135,0,1,65
38741.0,60,7,2,17,1,1,67
50116.0,68,54,1,10,1,1,68
37760.0,54,26,2,13,1,0,53
36781.0,16,29,2,17,1,0,46
65665.0,77,225,5,387,0,1,49
22304.0,91,3,1,7,0,0,69
32300.0,1,13,1,6,1,0,52
39190.0,91,68,2,18,1,0,51
7500.0,5,6,2,4,1,1,47
666666.0,23,9,3,18,1,0,48
55424.0,6,462,7,184,0,1,49
33955.0,92,100,5,128,1,0,50
56715.0,52,258,7,239,0,0,51
80360.0,56,1493,4,454,0,0,76
82460.0,78,255,5,573,0,0,75
22574.0,28,25,2,8,2,1,58
96876.0,79,908,7,735,0,0,48
48006.0,55,23,1,11,1,1,60
36663.0,40,18,1,6,1,0,50
90842.0,57,774,4,118,0,0,77
77382.0,36,491,5,231,0,1,57
79593.0,70,350,5,568,0,0,52
49090.0,45,494,7,82,0,1,74
42670.0,12,154,4,46,0,0,33
51369.0,84,297,8,79,0,1,49
38702.0,71,13,3,24,1,0,47
56850.0,83,34,1,19,0,1,54
34350.0,81,16,1,15,1,0,46
69389.0,17,422,7,238,0,1,48
57136.0,48,306,5,109,1,1,53
49638.0,71,18,1,3,0,1,73
72903.0,74,1067,7,750,0,0,40
31878.0,7,23,1,5,0,1,48
15315.0,27,7,2,13,0,0,55
35688.0,94,73,4,90,2,1,52
40479.0,95,5,0,8,1,0,43
81929.0,60,1486,4,278,1,0,49
83829.0,78,897,4,430,0,0,50
38361.0,74,39,3,56,1,0,56
42315.0,90,67,1,80,0,1,67
65685.0,54,642,9,49,0,1,53
41335.0,24,112,4,21,1,0,57
80336.0,12,209,2,456,0,0,55
28420.0,36,4,1,5,1,0,58
30390.0,5,10,2,12,0,0,38
61996.0,27,1050,6,144,0,1,48
79908.0,30,557,5,761,0,0,43
37509.0,24,37,3,56,1,0,49
71427.0,26,212,8,177,2,0,47
65526.0,22,397,4,69,0,1,61
51373.0,37,83,3,101,0,0,34
20491.0,16,5,0,5,0,0,39
18222.0,70,12,2,19,0,0,35
56939.0,19,256,3,103,0,1,49
33697.0,34,4,1,7,1,0,55
65704.0,18,279,2,74,0,0,53
78093.0,53,368,4,639,0,0,78
52332.0,63,212,3,33,0,0,66
35946.0,24,8,0,3,1,1,76
40521.0,82,12,0,5,1,1,57
75278.0,17,304,6,230,0,0,73
53187.0,66,211,4,30,1,0,55
74485.0,58,499,6,815,0,0,78
62000.0,25,899,6,101,0,1,73
42395.0,35,48,3,57,1,1,44
34487.0,94,19,3,33,1,1,48
26224.0,39,4,2,15,1,0,47
42014.0,56,244,7,108,1,0,48
30279.0,13,10,1,14,1,0,36
68805.0,73,182,3,49,0,1,66
78041.0,93,482,4,553,0,0,54
63211.0,3,145,3,459,0,0,43
16005.0,69,1,2,2,1,0,45
18929.0,15,32,1,8,0,0,35
33569.0,10,16,1,18,1,0,42
20559.0,88,13,2,29,1,0,40
66476.0,80,742,6,152,0,1,56
76068.0,67,1115,2,128,0,1,50
67419.0,29,846,9,352,0,1,55
67506.0,73,90,4,67,0,1,45
71691.0,0,336,4,411,0,0,67
35704.0,54,30,2,12,1,1,73
96843.0,60,448,6,951,0,0,35
81168.0,84,410,6,592,0,0,60
37401.0,14,19,2,19,1,0,52
52569.0,54,85,2,3,0,1,58
66835.0,21,620,6,195,0,0,79
70713.0,23,736,5,279,0,1,59
20427.0,63,5,1,4,1,0,52
58308.0,77,691,2,69,0,1,61
55434.0,21,238,5,215,1,0,41
77882.0,29,68,3,396,0,0,44
58512.0,25,895,3,101,0,1,61
58482.0,59,576,7,115,0,1,70
65073.0,65,629,5,177,0,0,82
17256.0,10,6,2,14,1,0,33
23661.0,46,18,1,4,1,0,43
21474.0,0,6,3,24,1,0,36
30630.0,67,27,2,12,1,1,60
59868.0,37,771,11,154,0,1,53
44794.0,99,54,2,7,0,1,59
73705.0,86,612,9,520,0,2,74
35797.0,16,27,2,14,0,1,50
74806.0,1,670,5,249,0,1,60
33039.0,4,30,2,12,1,0,47
36038.0,82,23,3,15,1,0,44
64813.0,81,293,7,124,1,0,47
,57,11,2,22,1,0,43
65488.0,46,603,3,207,0,0,67
77027.0,23,820,8,242,0,1,73
69245.0,8,428,6,214,0,1,69
69882.0,94,292,3,635,0,0,60
75903.0,50,340,6,185,0,1,74
37717.0,31,9,1,6,1,0,47
34176.0,9,11,1,7,0,1,50
53653.0,29,815,10,239,0,0,72
34704.0,65,29,1,5,0,1,59
63246.0,60,593,6,91,0,2,58
60554.0,8,588,8,76,1,0,50
29236.0,30,37,4,24,1,0,38
48877.0,27,102,3,15,0,1,59
58917.0,10,151,4,89,1,2,56
45072.0,74,144,6,99,1,2,77
19107.0,49,2,1,9,1,0,45
30983.0,50,51,4,50,0,0,62
40590.0,30,154,3,50,1,1,56
17144.0,96,18,3,19,1,1,65
38197.0,86,23,1,11,1,0,39
39552.0,54,165,6,147,1,1,63
30753.0,85,12,1,25,1,1,58
69930.0,21,252,4,827,0,0,54
35682.0,34,23,1,8,1,0,55
32871.0,28,22,1,12,1,1,74
83844.0,57,901,4,345,0,0,73
42691.0,48,179,5,64,0,0,34
62820.0,51,398,3,265,0,0,71
16653.0,10,5,2,31,1,0,46
92344.0,9,992,5,694,0,0,77
48918.0,21,52,1,9,1,1,62
89120.0,78,1168,5,408,0,0,66
26304.0,5,4,1,5,1,0,56
70617.0,45,353,3,753,0,0,55
27100.0,64,12,1,13,1,0,42
43050.0,10,30,2,24,1,0,52
95529.0,29,770,7,890,0,0,31
33581.0,38,11,1,5,2,0,56
53378.0,41,489,9,152,1,1,62
60934.0,41,224,6,155,0,1,50
81361.0,18,163,3,424,0,0,38
59354.0,59,295,4,78,0,2,72
66731.0,33,371,4,194,0,1,55
6835.0,76,107,0,12,0,1,68
29999.0,22,68,3,59,1,0,39
55635.0,34,235,7,164,0,1,54
27573.0,45,50,5,110,1,0,50
94384.0,62,1111,5,790,0,0,72
83844.0,57,901,4,345,0,0,73
58684.0,71,479,5,179,0,0,44
45921.0,23,102,2,49,0,0,39
53790.0,86,335,7,127,0,2,74
16248.0,77,12,2,10,1,0,37
157243.0,98,20,0,1582,0,1,52
39228.0,1,7,0,6,0,0,65
56796.0,24,656,8,161,0,1,56
67131.0,72,465,9,250,0,1,69
78952.0,11,1170,2,594,0,1,67
50870.0,13,53,2,8,0,1,73
72282.0,70,503,5,419,0,0,74
50898.0,88,285,6,242,1,1,69
80141.0,20,1184,7,673,0,0,39
50388.0,3,292,6,37,0,1,68
69016.0,61,726,8,363,0,1,55
18746.0,41,2,3,11,1,0,33
81217.0,77,493,3,324,0,0,36
41335.0,24,112,4,21,1,0,57
27255.0,3,22,1,11,1,0,41
18100.0,14,3,0,2,0,0,79
82122.0,89,734,3,350,0,0,63
31907.0,75,33,6,64,0,0,53
56575.0,42,421,7,90,0,2,58
53977.0,21,620,5,165,0,1,67
37292.0,32,275,6,86,1,0,42
36138.0,48,130,3,16,1,1,55
65487.0,48,240,3,500,0,0,68
74250.0,90,680,2,392,0,0,67
54959.0,55,1148,9,60,0,1,64
66373.0,57,328,4,124,1,1,47
76998.0,85,1449,11,161,0,1,70
27244.0,84,6,2,17,1,0,46
47958.0,8,268,6,88,0,1,73
86037.0,95,490,6,125,0,0,34
75759.0,46,1394,9,708,0,0,56
71964.0,81,587,5,932,0,0,67
59062.0,74,46,2,12,2,1,58
36736.0,52,10,1,3,1,1,62
24221.0,94,8,1,9,0,0,66
81795.0,74,324,4,693,0,0,73
18929.0,15,32,1,8,0,0,35
62670.0,57,539,5,92,0,1,71
30631.0,75,15,3,20,1,0,51
10404.0,52,2,1,11,1,0,36
88347.0,32,1050,4,555,0,0,64
54690.0,76,111,3,37,1,1,54
38620.0,56,112,2,44,0,0,62
18988.0,43,6,1,6,1,0,41
52190.0,39,42,2,17,1,1,49
63915.0,2,622,6,115,0,2,69
70951.0,66,239,3,554,0,0,40
23536.0,53,6,0,3,1,0,42
14849.0,39,21,2,28,1,0,49
33039.0,4,30,2,12,1,0,47
77343.0,28,227,3,573,0,0,60
41411.0,11,37,2,38,0,0,39
38547.0,49,6,1,10,1,0,44
38410.0,65,153,5,123,0,0,51
68487.0,48,758,9,385,0,0,37
92955.0,35,693,6,925,0,0,52
69372.0,10,997,10,269,0,0,76
65695.0,50,371,5,189,0,1,65
45579.0,10,145,4,33,0,1,77
4023.0,29,5,0,1,1,1,62
16531.0,43,2,3,6,1,0,47
22108.0,46,5,2,9,1,1,48
50725.0,45,443,8,75,0,1,72
82332.0,89,830,5,968,0,0,64
33986.0,43,16,1,18,1,0,55
14796.0,1,13,1,8,1,0,41
65220.0,3,890,8,292,0,0,60
81574.0,89,1252,4,465,0,0,78
31385.0,56,3,1,12,1,0,41
55239.0,59,371,7,238,0,1,54
58646.0,3,62,2,44,0,1,63
44300.0,65,30,1,9,1,1,60
61064.0,80,387,8,342,0,1,49
22775.0,40,5,1,8,1,0,47
10245.0,32,4,1,7,1,0,54
65106.0,55,790,8,133,0,1,50
83151.0,80,968,5,842,0,0,53
73687.0,8,559,3,503,0,0,35
90638.0,29,1156,3,915,0,0,34
71796.0,54,354,9,311,0,0,54
63159.0,74,965,3,586,0,0,51
,69,861,6,461,0,0,36
84117.0,60,611,7,749,0,0,69
34596.0,48,14,1,2,1,0,51
56253.0,83,509,7,65,0,1,62
54111.0,97,267,5,54,0,1,60
35684.0,66,10,1,7,1,0,41
66565.0,80,747,4,161,0,1,63
27215.0,50,30,2,22,2,1,64
87771.0,61,1492,5,287,0,1,66
33462.0,78,22,2,18,1,0,46
72071.0,4,531,5,300,0,1,71
52750.0,72,393,5,239,0,1,70
51124.0,79,26,1,11,1,1,70
69098.0,82,1315,7,780,0,0,76
58597.0,20,490,7,184,1,1,49
34053.0,14,63,3,21,0,1,57
70515.0,12,420,6,452,0,0,32
49767.0,92,202,5,197,0,0,34
79607.0,37,450,3,951,0,0,41
42243.0,34,48,2,2,1,1,66
83844.0,57,901,4,345,0,0,73
38643.0,45,22,2,14,1,1,47
57333.0,55,941,8,397,0,1,71
41039.0,32,34,8,137,0,0,43
62772.0,74,581,5,157,0,1,56
54386.0,8,277,3,64,0,1,44
80763.0,17,674,5,108,0,0,75
47808.0,30,123,3,26,0,1,50
92859.0,46,962,5,921,0,0,33
21955.0,81,5,2,7,1,0,39
69755.0,23,217,3,373,0,0,80
23148.0,83,4,2,8,0,0,40
67472.0,93,162,4,127,0,1,78
24367.0,58,2,1,2,1,0,43
21024.0,89,36,2,18,0,0,49
16014.0,42,3,1,4,1,1,46
55250.0,49,664,7,83,0,1,60
51412.0,42,140,3,29,0,1,67
62450.0,61,515,5,267,0,1,66
,11,5,1,6,1,0,42
48904.0,1,283,7,38,0,1,65
54108.0,74,539,8,91,1,1,52
75507.0,56,709,8,374,0,0,46
84196.0,56,215,8,507,0,1,50
28389.0,49,1,1,3,0,0,78
77376.0,72,492,6,110,1,1,69
19419.0,76,2,4,28,1,0,44
64325.0,41,731,10,353,0,1,64
35876.0,13,66,3,40,0,0,42
17323.0,38,3,1,17,0,0,38
35544.0,77,30,2,23,1,0,47
41443.0,79,171,8,171,1,0,48
23477.0,39,38,3,54,1,0,39
32313.0,60,86,4,56,1,0,43
37244.0,90,18,1,10,1,1,70
57091.0,82,462,9,24,0,1,53
49514.0,61,88,6,78,1,0,50
36443.0,9,65,3,46,1,1,64
42169.0,20,19,1,9,1,1,56
31353.0,24,10,1,10,1,1,48
79946.0,19,395,5,565,0,0,59
27922.0,80,11,2,13,1,0,46
52852.0,93,714,10,99,0,1,68
45688.0,20,279,3,18,0,1,57
70566.0,4,381,6,215,0,1,57
27159.0,33,17,1,3,1,1,52
49967.0,4,212,6,69,0,1,67
49505.0,4,604,10,100,1,1,54
39858.0,67,15,2,25,1,0,56
55842.0,19,451,7,39,0,1,48
78569.0,14,558,4,622,0,0,79
22419.0,74,30,3,47,0,0,62
90300.0,7,594,5,786,0,0,46
47472.0,39,56,2,11,1,1,59
42000.0,23,124,5,267,0,0,38
42997.0,91,4,1,5,1,1,48
36790.0,14,3,2,14,0,0,42
76412.0,15,840,5,804,0,0,45
17148.0,80,9,3,11,1,0,49
65569.0,96,397,6,288,0,1,72
46831.0,84,22,1,10,1,1,56
14661.0,88,4,1,11,0,0,69
38361.0,74,39,3,56,1,0,56
86111.0,73,399,5,756,0,0,63
54006.0,42,174,8,203,1,0,40
70038.0,54,587,4,348,0,0,43
30096.0,30,5,2,11,1,0,42
19329.0,39,24,4,16,1,0,57
45837.0,88,215,6,87,1,1,51
55951.0,62,1241,3,80,0,1,73
75276.0,2,610,9,125,0,0,60
79593.0,70,350,5,568,0,0,52
18358.0,49,6,3,19,1,0,36
35893.0,80,158,3,23,1,1,57
61331.0,42,534,11,47,1,1,67
76624.0,68,411,5,147,0,1,63
74805.0,14,209,4,209,0,1,70
75774.0,27,340,7,134,1,0,44
47743.0,56,198,4,43,0,1,68
45143.0,74,202,6,74,0,1,60
7500.0,19,7,4,12,1,0,49
32632.0,32,63,4,137,0,0,62
22070.0,11,10,2,19,1,0,55
41473.0,80,21,2,20,1,0,40
84169.0,9,1478,7,403,0,0,43
75702.0,87,1073,10,629,0,1,51
64509.0,19,836,6,575,0,0,35
90687.0,98,982,6,672,0,0,42
46098.0,86,57,3,27,1,1,50
35178.0,10,23,1,13,1,0,54
24639.0,3,20,2,16,1,1,52
20425.0,5,4,2,5,1,0,39
22634.0,47,2,2,11,0,0,59
78420.0,75,604,3,674,0,0,59
40760.0,64,70,2,17,0,1,60
34738.0,51,3,1,10,1,0,41
54432.0,37,33,1,5,2,1,75
33051.0,15,100,9,243,0,0,66
70638.0,69,1016,4,215,0,0,70
63033.0,82,194,3,480,0,0,66
78331.0,97,756,10,354,0,1,67
28718.0,78,12,2,6,1,0,43
15287.0,60,1,1,8,1,0,46
60474.0,25,265,10,303,0,1,46
18690.0,77,6,1,7,0,0,66
54137.0,46,171,4,11,0,1,55
18701.0,95,12,2,2,1,1,61
82504.0,2,362,3,431,0,0,65
35860.0,37,15,1,8,1,1,52
,67,738,2,172,1,2,55
44503.0,83,31,2,8,1,1,53
63206.0,65,750,4,125,0,0,51
27803.0,40,8,3,46,1,0,52
15315.0,27,7,2,13,0,0,55
36921.0,74,17,2,12,1,1,60
57288.0,27,527,8,21,0,1,62
72679.0,65,619,4,260,0,1,56
63887.0,38,897,9,207,0,1,63
72190.0,79,597,5,597,0,0,60
,83,161,4,22,0,1,71
60896.0,90,1013,9,399,0,1,61
62187.0,49,792,4,275,0,0,68
74881.0,48,505,9,270,1,1,64
29009.0,19,6,2,15,1,0,44
50272.0,75,99,4,66,1,0,43
61618.0,27,605,3,399,0,0,34
38872.0,93,23,3,21,1,0,37
64413.0,27,200,5,44,0,1,55
57937.0,56,261,4,144,0,1,43
64355.0,66,1047,4,140,1,0,40
72967.0,1,158,7,179,0,1,55
18690.0,77,6,1,7,0,0,66
46463.0,56,163,3,40,1,1,54
26646.0,26,11,2,20,1,0,41
47352.0,70,172,6,112,0,1,74
31880.0,13,4,1,5,1,0,55
62513.0,16,520,6,98,0,1,58
18793.0,14,4,2,20,1,0,54
38232.0,84,43,3,28,1,1,54
47850.0,72,42,3,43,1,0,45
79930.0,72,792,3,740,0,0,53
35860.0,37,15,1,8,1,1,52
42710.0,38,252,4,42,1,0,41
22804.0,75,14,2,7,1,0,54
37087.0,50,194,4,134,1,0,51
,17,25,1,13,1,0,53
44375.0,73,213,4,28,0,1,60
40304.0,82,37,2,17,1,0,58
71434.0,4,711,7,217,0,1,63
34176.0,12,5,3,24,1,0,37
45576.0,9,56,3,29,0,0,80
34412.0,62,52,5,50,1,0,35
60714.0,56,216,7,224,0,0,69
19986.0,74,3,0,5,1,0,40
39898.0,20,69,3,26,0,1,71
54198.0,13,185,3,28,1,1,59
61209.0,73,466,5,224,0,0,55
65735.0,37,239,6,119,1,1,60
93027.0,77,1285,7,716,0,0,84
59973.0,47,130,3,168,0,0,53
40101.0,73,171,6,129,1,0,40
72298.0,52,625,4,169,0,0,76
57530.0,68,50,1,27,0,1,74
80398.0,92,342,5,936,0,0,59
51537.0,27,787,2,204,0,1,73
79734.0,72,572,4,232,0,0,56
81657.0,69,364,3,425,0,0,56
47111.0,35,595,3,153,0,1,54
67384.0,32,957,7,175,0,1,55
32474.0,0,10,1,1,1,1,58
40689.0,69,270,7,27,0,1,74
64722.0,47,303,8,280,1,0,54
41883.0,13,32,4,41,1,0,37
44931.0,0,78,2,11,0,1,58
21359.0,1,12,2,17,1,0,53
73538.0,92,811,10,428,0,1,60
29440.0,95,17,1,14,1,1,65
68118.0,51,595,8,123,0,1,62
72071.0,4,531,5,300,0,1,71
13724.0,43,2,2,5,1,0,37
59060.0,77,35,3,111,1,0,36
83151.0,93,407,5,100,0,0,65
39898.0,20,69,3,26,0,1,71
35788.0,34,23,2,11,1,1,54
20194.0,64,0,2,7,1,0,46
65685.0,54,642,9,49,0,1,53
61014.0,17,269,9,495,0,1,45
28442.0,53,19,2,10,2,0,47
54690.0,76,111,3,37,1,1,54
80134.0,40,1218,5,272,1,0,53
28647.0,54,19,2,29,1,0,47
74538.0,21,380,8,733,0,0,54
16185.0,71,5,2,16,1,0,35
50334.0,24,284,7,160,0,1,53
47009.0,89,171,3,73,0,1,60
18690.0,77,6,1,7,0,0,66
51479.0,67,247,6,160,1,1,58
44213.0,48,95,2,35,1,1,73
75825.0,40,1032,5,779,0,0,49
,19,5,27,3,1,0,39
72117.0,34,707,9,171,0,1,48
32880.0,76,8,1,15,1,0,39
44794.0,99,54,2,7,0,1,59
82384.0,55,984,3,432,0,0,70
63120.0,53,965,8,279,0,1,75
46377.0,89,37,2,46,1,0,47
58710.0,77,440,11,368,0,1,55
79419.0,96,751,4,687,0,0,55
72635.0,54,390,6,323,0,0,70
33454.0,32,76,4,56,1,0,40
78687.0,13,817,4,687,0,0,42
82716.0,8,606,6,228,0,0,81
44529.0,98,538,6,91,0,1,59
75693.0,10,797,11,293,0,0,57
41728.0,92,13,2,15,1,0,57
54356.0,62,710,11,30,0,1,76
49096.0,15,144,4,32,1,1,61
33181.0,90,9,1,3,1,0,49
41014.0,65,7,1,6,1,0,47
7500.0,54,5,3,10,1,0,52
46014.0,21,410,7,59,1,1,51
63285.0,84,508,6,249,0,0,80
62972.0,39,313,7,47,0,1,70
76800.0,33,173,4,255,0,0,60
51267.0,37,183,3,64,1,1,47
79803.0,54,574,4,216,0,1,67
36408.0,11,9,1,4,1,1,76
56242.0,72,689,8,167,0,1,56
28320.0,68,19,1,14,0,1,75
82623.0,58,204,2,204,0,0,73
70503.0,73,1379,2,216,0,0,72
38590.0,65,3,1,8,1,0,54
77632.0,73,1200,4,758,0,0,78
25008.0,72,2,1,8,1,0,37
65316.0,65,112,3,92,1,1,63
83257.0,56,536,5,590,0,0,30
61467.0,69,410,5,114,0,2,77
75283.0,26,733,6,180,1,2,68
46610.0,4,288,6,30,0,0,67
61286.0,34,356,7,107,0,1,59
75777.0,12,712,3,538,0,0,43
27116.0,78,12,2,21,1,1,64
,87,445,2,359,0,0,52
45068.0,25,14,1,3,0,1,51
58554.0,55,368,8,68,1,1,57
21994.0,4,9,0,6,0,1,68
24480.0,46,4,3,9,1,0,44
59601.0,14,691,2,69,0,1,48
46681.0,52,269,4,69,0,2,77
54342.0,74,84,3,34,1,1,69
27100.0,64,12,1,13,1,0,42
55284.0,60,547,7,140,0,1,69
84618.0,96,684,6,801,0,0,60
57967.0,39,229,4,137,0,1,63
77298.0,46,425,6,292,0,1,46
21994.0,4,9,0,6,0,1,68
71488.0,87,162,3,124,0,0,60
40637.0,72,22,1,13,1,1,60
35790.0,54,12,2,20,1,0,48
24683.0,98,8,2,10,1,0,35
69096.0,4,247,5,159,0,1,67
56386.0,51,230,9,214,1,1,44
113734.0,9,6,27,3,0,0,80
37787.0,50,40,3,40,1,0,53
30477.0,16,47,1,6,1,0,41
33762.0,61,53,2,34,2,1,66
21846.0,38,7,4,18,1,0,39
70421.0,98,479,10,136,0,1,71
73448.0,10,236,7,189,0,0,56
29760.0,87,64,3,68,1,0,40
44635.0,25,56,2,9,1,1,54
42081.0,86,175,6,110,1,0,43
43638.0,37,63,4,83,0,1,56
42192.0,40,40,2,15,0,0,77
26759.0,65,25,2,16,1,0,53
63693.0,63,587,11,337,0,1,47
43482.0,83,18,2,32,2,1,59
67546.0,90,864,4,768,0,0,37
48752.0,8,73,6,100,1,1,56
42618.0,92,76,5,74,1,0,53
36947.0,49,88,3,21,1,1,58
37758.0,49,27,1,10,1,1,59
80695.0,85,557,5,984,0,0,62
50501.0,10,297,5,38,1,1,71
51813.0,37,51,2,7,1,1,53
63810.0,45,977,4,253,0,1,59
49681.0,66,411,7,26,0,2,49
70545.0,29,138,4,63,0,1,73
42554.0,93,29,2,11,1,1,47
85693.0,59,386,9,183,0,1,46
30015.0,28,25,1,22,1,0,55
28332.0,58,14,2,13,0,0,73
13260.0,48,9,3,17,1,1,55
49476.0,29,386,2,95,0,1,62
46098.0,86,57,3,27,1,1,50
44421.0,53,110,5,59,1,1,54
42607.0,30,156,3,56,0,1,71
24711.0,86,10,3,25,0,0,43
64713.0,11,180,5,241,1,0,55
81044.0,0,450,5,535,0,0,78
53201.0,49,280,6,81,1,1,50
78285.0,13,647,6,391,0,0,37
35340.0,1,27,2,12,1,1,69
38823.0,56,70,2,11,0,1,76
22212.0,49,5,2,20,1,0,50
30093.0,19,2,2,28,0,0,35
38097.0,70,77,3,35,1,1,55
71604.0,3,345,8,528,0,0,80
69401.0,41,399,4,159,0,1,52
36550.0,74,47,9,94,1,0,47
72643.0,60,526,3,553,0,0,76
77353.0,38,275,6,107,0,1,45
65176.0,57,960,9,183,0,1,56
42473.0,72,93,2,21,1,1,49
64014.0,56,406,8,30,2,1,79
23626.0,84,27,3,14,1,0,55
71670.0,8,1462,5,128,0,0,63
46610.0,8,96,4,96,0,2,73
37697.0,82,34,2,21,1,0,49
43020.0,79,45,4,99,1,0,55
24027.0,7,14,2,11,1,0,49
87305.0,19,345,5,501,0,0,65
51411.0,81,14,0,3,1,2,72
61825.0,56,162,4,100,0,1,46
58138.0,58,635,8,546,0,0,68
69901.0,95,312,7,206,0,1,56
54210.0,18,70,4,109,0,1,46
65463.0,17,391,6,70,1,0,51
35765.0,86,22,2,30,1,0,35
23559.0,87,25,3,19,1,0,52
27161.0,41,7,1,23,1,0,39
81300.0,17,1004,10,145,0,1,62
39435.0,16,71,3,18,1,0,52
33585.0,91,30,2,33,0,1,59
72063.0,3,180,5,348,0,1,46
11012.0,82,24,3,26,1,0,41
79865.0,12,71,5,278,0,1,71
72968.0,8,1092,5,592,0,0,62
78394.0,13,298,4,697,0,0,39
55521.0,11,416,6,26,1,2,70
36143.0,33,12,0,1,1,0,44
40442.0,52,45,3,52,1,1,73
61223.0,46,709,9,182,0,1,58
87195.0,35,217,3,690,0,0,66
77845.0,40,760,3,480,0,0,36
76445.0,2,739,2,309,1,0,54
93404.0,97,1279,3,287,1,2,71
25707.0,18,1,1,2,1,0,41
61823.0,26,523,8,134,0,1,73
60894.0,61,606,10,155,0,1,59
82347.0,38,556,7,845,0,0,68
36634.0,0,213,5,76,0,1,71
73450.0,85,1142,7,415,0,0,43
30732.0,44,155,4,25,1,0,45
59809.0,36,598,3,141,0,2,49
43776.0,77,8,1,9,1,0,42
63810.0,45,977,4,253,0,1,59
58086.0,80,708,11,62,0,1,56
21282.0,76,1,2,8,1,0,47
41275.0,33,24,3,22,1,2,65
48186.0,39,97,4,66,1,0,51
23748.0,97,6,2,29,1,0,57
83829.0,78,897,4,430,0,0,50
44359.0,19,20,2,14,1,1,47
37284.0,46,11,0,2,1,1,50
5648.0,68,28,1,6,1,1,75
55707.0,91,208,3,82,0,1,72
66375.0,96,712,2,45,0,1,77
30899.0,35,24,1,8,1,0,51
36627.0,78,9,0,5,2,0,50
83664.0,57,866,2,151,1,1,57
71855.0,59,548,5,422,0,1,48
47889.0,94,29,2,29,1,0,51
83033.0,82,812,11,431,1,0,39
51518.0,92,350,3,66,0,1,67
88420.0,87,957,4,612,0,0,36
60597.0,2,522,2,257,0,1,61
77766.0,97,1004,11,265,0,1,58
33438.0,81,62,2,16,1,1,67
77142.0,54,476,4,162,0,0,77
59041.0,25,69,2,15,1,1,52
48330.0,2,28,1,4,0,1,64
62882.0,26,509,7,497,0,1,56
80011.0,3,421,8,536,0,1,45
53172.0,54,121,2,90,0,1,47
53593.0,60,349,7,78,1,1,72
22944.0,67,19,3,19,1,0,44
58113.0,66,221,9,169,0,1,66
39660.0,36,139,7,78,1,0,43
26518.0,33,20,2,28,1,1,76
58656.0,25,962,7,194,0,1,69
49413.0,88,205,4,41,0,1,73
50523.0,89,51,2,24,1,1,65
21255.0,56,29,2,25,1,0,51
91700.0,58,576,8,961,0,0,54
29548.0,52,7,1,6,1,0,55
21063.0,34,1,2,11,1,0,38
31163.0,54,2,1,10,1,0,52
69932.0,97,412,7,153,0,1,61
68462.0,6,561,3,785,0,0,56
33471.0,47,43,3,27,1,0,52
30467.0,8,1,1,8,1,0,53
72025.0,46,967,4,617,0,0,76
69139.0,23,86,4,75,0,1,60
28071.0,65,39,5,130,0,0,45
84219.0,27,434,3,400,0,0,37
26642.0,71,13,2,15,1,0,58
25293.0,51,15,1,11,1,0,56
58275.0,48,189,8,253,1,1,70
73356.0,56,1050,5,322,0,0,41
44392.0,71,87,4,71,1,1,51
82326.0,30,938,5,754,0,0,48
6560.0,2,67,1,26,0,0,43
34213.0,2,50,3,28,1,1,62
22669.0,30,16,4,36,1,0,50
28164.0,23,3,2,26,1,0,55
28072.0,10,30,1,10,1,0,39
34445.0,92,228,11,122,0,0,44
77766.0,97,1004,11,265,0,1,58
81380.0,51,741,4,689,0,0,58
,82,71,2,16,1,1,54
55249.0,81,97,2,19,0,1,69
82072.0,67,889,3,685,0,0,55
56046.0,9,577,10,64,0,0,60
74214.0,3,863,8,547,0,0,35
91820.0,72,410,5,747,0,0,39
74881.0,48,505,9,270,1,1,64
59247.0,87,327,5,122,0,2,63
69702.0,8,664,7,240,0,1,74
27938.0,31,13,1,8,1,0,37
,96,231,6,196,0,1,62
56129.0,65,320,6,133,0,1,72
25443.0,82,1,1,3,1,0,36
74293.0,66,375,5,335,0,0,32
22419.0,74,30,3,47,0,0,62
92533.0,84,693,6,118,0,0,40
37929.0,49,202,4,46,0,0,40
53083.0,65,215,5,33,1,1,67
56721.0,64,157,4,39,1,1,53
50943.0,49,31,1,7,0,1,69
80617.0,42,594,4,631,0,0,30
84835.0,0,189,4,379,0,0,55
43795.0,11,314,7,53,0,1,57
17345.0,79,4,2,16,1,0,47
20895.0,24,18,2,17,1,0,52
48948.0,53,437,7,206,0,0,82
80995.0,83,860,8,409,0,1,67
26487.0,23,2,2,10,1,0,47
62503.0,40,478,8,193,0,1,69
37070.0,30,231,5,137,1,1,59
78416.0,99,453,7,279,0,1,49
83512.0,31,1060,4,835,0,0,39
67445.0,63,757,9,217,0,1,51
50447.0,4,85,3,24,2,0,55
65148.0,9,460,6,422,0,1,67
26576.0,40,10,1,8,1,0,39
42429.0,99,55,1,6,0,1,52
67445.0,63,757,9,217,0,1,51
58398.0,44,299,5,201,0,0,72
,4,230,7,192,2,1,68
62551.0,27,125,6,98,0,0,72
50965.0,87,544,10,85,0,1,69
80812.0,95,769,4,500,0,0,72
157146.0,13,1,0,1725,0,0,48
36927.0,46,51,3,16,1,1,70
42523.0,96,14,1,11,0,0,61
38578.0,2,38,3,22,1,1,53
23091.0,98,35,2,11,1,1,62
18393.0,2,7,3,13,1,0,51
36732.0,71,21,1,3,1,1,66
76542.0,91,794,4,573,0,0,69
39665.0,97,127,4,56,1,0,44
65275.0,9,388,4,218,0,0,81
50729.0,62,239,6,143,1,1,67
55686.0,27,673,6,199,0,1,59
27242.0,2,3,2,26,1,0,55
83003.0,18,856,7,570,0,0,60
27943.0,89,12,2,16,1,1,58
31497.0,22,108,3,28,0,1,63
38360.0,26,36,2,42,1,0,36
31928.0,5,33,3,24,1,0,36
33629.0,49,132,3,16,1,1,62
51717.0,55,98,3,17,0,1,60
46524.0,70,31,1,35,0,1,64
51563.0,60,1166,4,48,0,0,38
70643.0,66,1218,5,304,0,0,41
26091.0,84,15,2,19,1,1,68
17688.0,82,2,1,1,1,0,46
70091.0,11,964,5,137,1,0,56
65819.0,99,267,5,701,0,0,47
74716.0,92,133,7,421,0,1,53
41154.0,98,44,1,11,0,1,47
52278.0,24,953,10,71,0,1,62
46310.0,99,185,6,88,1,0,49
42767.0,53,20,3,43,2,0,54
80910.0,71,160,3,369,0,0,39
68695.0,3,458,4,356,0,0,56
61794.0,74,264,4,188,0,1,64
83443.0,89,518,6,742,0,0,53
26490.0,92,45,3,52,0,0,67
62745.0,89,562,7,464,0,1,60
66373.0,57,328,4,124,1,1,47
26816.0,50,5,0,6,0,0,39
24206.0,66,7,1,8,1,0,55
46049.0,11,342,5,112,1,1,49
23478.0,51,28,3,27,0,0,60
63342.0,48,918,8,118,0,1,64
94472.0,75,1017,5,417,0,1,67
75127.0,92,203,2,305,0,0,73
36317.0,53,87,3,25,0,1,60
16860.0,19,10,1,4,1,1,64
38557.0,17,76,3,31,1,0,47
31158.0,62,25,2,16,1,0,40
47691.0,43,14,1,3,0,1,46
35322.0,34,28,2,37,1,2,57
23724.0,65,5,2,15,1,0,46
34968.0,11,158,3,45,1,0,45
46772.0,88,350,11,189,0,1,50
87679.0,62,1259,7,815,0,0,37
31814.0,73,35,2,20,1,0,52
68274.0,83,135,4,51,1,1,46
35196.0,68,75,6,141,1,0,41
25358.0,57,19,1,5,0,1,78
156924.0,85,2,0,2,0,0,76
85431.0,54,376,2,462,0,0,73
86857.0,96,899,5,838,0,0,53
68352.0,47,614,8,132,0,1,51
37085.0,65,39,3,16,1,1,50
50616.0,56,128,4,16,0,1,57
49166.0,17,224,5,25,0,1,51
61482.0,39,48,3,68,0,0,60
67087.0,40,329,7,222,0,1,72
89694.0,22,1126,4,211,1,1,52
25851.0,45,9,2,18,1,0,47
65991.0,21,507,9,364,0,1,49
43776.0,9,177,5,71,1,1,73
40246.0,68,2,1,6,1,0,48
40059.0,82,110,6,92,1,0,41
20130.0,99,0,1,3,0,0,51
68682.0,56,919,4,505,0,0,34
79823.0,6,835,6,380,0,1,66
83837.0,79,847,9,119,0,0,77
8028.0,62,73,0,66,0,0,34
71322.0,31,121,4,124,0,1,49
60230.0,78,520,6,367,0,1,69
54252.0,25,178,4,26,1,1,69
11448.0,16,0,1,0,0,0,50
17459.0,12,6,3,16,1,0,50
66653.0,18,452,4,102,1,1,50
34043.0,97,20,2,14,1,0,47
21675.0,55,4,4,16,1,0,49
80739.0,92,674,3,736,0,0,67
52195.0,2,12,1,4,2,1,47
69867.0,30,196,3,512,0,0,39
66033.0,76,293,8,179,0,1,68
38887.0,17,25,1,13,1,0,53
67353.0,37,702,5,151,0,1,55
70116.0,73,707,2,603,0,0,53
58330.0,87,445,6,213,0,1,50
24434.0,9,3,2,8,2,0,53
51012.0,86,102,4,63,0,0,79
56962.0,60,292,6,77,2,1,60
38998.0,92,34,2,14,1,1,71
64849.0,42,652,9,350,0,0,68
17487.0,37,0,1,1,1,0,36
66973.0,98,466,8,432,0,0,36
74637.0,73,960,6,464,0,0,71
89572.0,44,606,7,974,0,0,59
51315.0,45,68,2,39,0,0,77
26751.0,26,1,1,5,2,0,51
35523.0,8,11,3,22,1,0,44
40590.0,30,154,3,50,1,1,56
40887.0,32,50,3,44,1,1,73
56962.0,60,292,6,77,2,1,60
22263.0,31,17,1,2,1,1,74
51039.0,11,100,6,79,1,1,56
66465.0,1,1200,11,204,0,1,70
27590.0,38,6,1,5,1,0,43
55759.0,84,675,10,85,0,1,63
56551.0,48,67,2,32,1,1,75
3502.0,56,2,0,1,1,0,52
78353.0,51,752,10,476,0,1,66
41580.0,15,56,2,24,1,1,47
35791.0,94,27,1,5,2,1,60
43974.0,19,378,6,101,1,0,45
80134.0,11,966,2,282,0,0,31
82347.0,38,556,7,845,0,0,68
54549.0,8,216,5,6,0,1,73
44010.0,46,186,10,234,1,0,45
49618.0,77,80,3,26,1,1,59
55593.0,63,293,6,124,0,1,52
54178.0,79,135,2,39,0,1,58
49980.0,79,104,3,54,0,1,62
69109.0,10,823,6,459,0,0,43
43322.0,25,56,3,48,0,0,51
80952.0,20,778,8,689,0,0,56
67911.0,63,529,6,356,0,1,76
37368.0,4,3,1,11,1,0,50
72828.0,17,1205,6,235,0,1,63
73059.0,36,410,9,420,0,1,78
7500.0,59,6,2,11,0,0,49
43824.0,18,96,3,42,1,1,54
44319.0,18,26,2,8,1,1,50
25224.0,36,4,1,12,1,0,53
83528.0,7,530,4,678,0,0,33
67369.0,81,1298,7,70,0,1,56
33402.0,60,26,2,19,1,1,73
53843.0,64,378,8,88,0,1,60
49912.0,5,520,10,223,0,1,76
79244.0,58,471,4,125,0,0,32
46053.0,46,56,3,92,1,0,53
50611.0,98,459,4,24,0,1,65
67911.0,63,529,6,356,0,1,76
55517.0,53,483,11,108,1,1,75
79174.0,2,1074,5,518,0,0,50
74859.0,63,570,6,614,0,0,76
69476.0,3,260,4,559,0,0,56
56534.0,35,691,10,61,0,1,57
65324.0,0,384,6,102,0,1,71
71706.0,16,931,9,253,0,1,66
80317.0,64,536,3,387,0,0,70
55260.0,81,825,8,53,0,1,53
21059.0,40,8,3,19,1,0,43
45989.0,97,138,3,87,0,1,61
62204.0,38,317,4,247,0,2,65
48432.0,3,322,7,50,0,1,52
47703.0,95,359,6,134,0,1,72
81169.0,47,1288,5,613,0,0,50
62061.0,12,641,10,84,0,1,49
59412.0,56,90,4,165,0,0,74
46891.0,91,43,2,23,0,1,60
53204.0,40,29,1,8,1,1,49
56223.0,72,77,2,31,0,1,77
82333.0,60,1311,4,359,0,0,39
79146.0,33,245,8,223,1,1,58
7500.0,63,10,3,18,1,0,33
15287.0,60,1,1,8,1,0,46
37284.0,46,11,0,2,1,1,50
48526.0,32,23,2,23,1,0,46
73454.0,95,982,2,351,0,0,38
58607.0,63,867,2,86,0,1,76
50737.0,61,78,2,11,0,1,70
40800.0,77,24,3,27,1,2,61
45143.0,74,202,6,74,0,1,60
59821.0,11,629,11,70,0,1,70
39548.0,87,15,1,10,1,1,62
68655.0,95,456,4,832,0,0,37
42387.0,42,235,8,235,1,0,36
38415.0,91,22,1,13,1,1,47
83790.0,81,1076,8,417,0,0,77
75114.0,40,571,3,523,0,0,33
22518.0,36,11,2,12,1,0,39
29478.0,59,8,1,7,1,0,49
49187.0,63,81,1,31,0,1,49
53700.0,94,263,5,233,0,1,73
42394.0,69,15,1,10,1,0,53
19514.0,47,14,3,21,1,1,57
32892.0,78,26,3,15,1,0,54
71367.0,24,227,4,389,0,0,66
34529.0,94,68,2,38,1,0,49
65169.0,23,1074,10,69,0,0,43
34824.0,65,4,1,11,0,0,30
66480.0,71,199,4,57,1,1,60
75437.0,25,795,8,545,0,0,47
93790.0,16,1302,6,731,0,0,55
33228.0,28,22,2,31,1,0,45
34176.0,12,5,3,24,1,0,37
56775.0,62,614,5,160,0,1,46
80134.0,40,1218,5,272,1,0,53
52869.0,40,84,3,61,1,1,71
40780.0,30,229,7,71,0,1,49
45207.0,64,203,3,10,1,1,51
23162.0,82,8,1,9,1,1,55
90247.0,27,1184,3,352,0,0,37
77044.0,12,625,7,242,0,1,53
60033.0,28,62,2,57,0,1,71
45057.0,80,37,2,7,1,0,46
35860.0,37,15,1,8,1,1,52
60093.0,92,502,7,109,0,1,51
54414.0,49,109,3,16,1,1,62
87771.0,61,1492,5,287,0,1,66
37155.0,51,23,2,26,1,0,36
87000.0,61,196,4,607,0,0,33
47025.0,98,508,11,59,0,1,47
46984.0,71,19,1,10,1,1,69
42664.0,44,21,1,3,0,1,58
48920.0,93,238,6,68,0,2,61
32218.0,27,10,2,15,0,0,65
63207.0,68,438,2,565,0,0,33
33996.0,46,40,1,15,0,0,36
30168.0,51,154,6,66,1,0,47
24882.0,52,1,1,10,1,0,47
57513.0,59,735,9,183,0,0,82
62847.0,45,521,3,706,0,0,80
90765.0,25,547,4,812,0,0,55
53374.0,34,896,4,101,0,1,56
64108.0,8,948,6,86,0,1,72
67046.0,92,544,4,133,0,1,74
36715.0,16,172,7,125,1,0,54
41003.0,11,123,6,142,0,0,62
37758.0,49,27,1,10,1,1,59
55412.0,65,10,2,28,1,1,49
21918.0,37,1,2,7,1,0,56
61278.0,87,111,3,28,0,1,72
17649.0,70,15,3,23,1,0,49
40794.0,18,261,6,73,0,1,50
27469.0,2,9,0,2,0,0,78
46102.0,3,14,1,1,2,1,63
52614.0,63,789,2,142,0,1,50
72940.0,13,182,3,298,0,0,55
153924.0,81,1,0,1,0,0,50
32892.0,78,26,3,15,1,0,54
57091.0,0,464,7,64,0,0,64
43456.0,0,275,5,68,0,1,59
7500.0,24,3,3,14,0,0,29
50611.0,98,459,4,24,0,1,65
51111.0,83,22,2,19,1,1,44
24884.0,32,3,0,7,1,0,53
42835.0,64,379,6,93,1,1,54
33622.0,22,39,2,22,1,1,53
34377.0,55,62,2,22,0,1,62
86358.0,78,957,5,494,1,1,59
58293.0,94,173,5,118,1,0,44
53230.0,86,176,5,98,0,1,69
22434.0,25,4,2,11,1,0,38
53154.0,50,129,3,21,0,1,66
,75,532,5,490,0,0,82
37717.0,31,9,1,6,1,0,47
55212.0,65,1103,4,45,0,1,56
18978.0,41,2,1,1,1,0,52
30279.0,13,10,1,14,1,0,36
56337.0,25,349,8,144,1,1,44
26907.0,10,9,1,7,1,1,49
5305.0,12,12,1,7,0,1,49
81702.0,98,563,7,774,0,0,45
68743.0,81,1132,11,384,0,0,58
35196.0,68,75,6,141,1,0,41
23976.0,68,14,3,21,1,0,41
75154.0,79,543,6,205,0,1,67
80573.0,85,829,4,430,0,0,54
70893.0,42,768,6,561,0,0,49
49605.0,65,42,2,29,0,0,59
57744.0,91,350,9,39,0,1,71
74918.0,78,972,5,913,0,0,56
36959.0,56,25,2,25,1,0,44
92491.0,71,979,7,935,0,0,42
58350.0,5,493,8,206,0,1,54
65486.0,29,245,4,125,0,1,68
62820.0,51,398,3,265,0,0,71
80395.0,62,445,6,706,0,0,70
63967.0,57,387,4,141,0,1,57
25130.0,10,2,2,7,1,0,45
21355.0,5,5,2,14,1,0,40
71819.0,70,1224,3,140,0,1,54
48985.0,13,19,1,18,0,1,57
61456.0,47,563,6,384,0,1,50
40706.0,37,59,3,11,2,1,57
50616.0,71,30,1,25,0,1,75
14515.0,71,6,2,9,1,0,45
60152.0,6,325,6,300,0,1,46
77226.0,29,631,6,239,0,1,62
64795.0,23,412,3,119,0,1,54
33812.0,86,4,2,19,1,0,40
65777.0,87,565,2,435,0,0,58
49389.0,55,40,2,19,1,1,74
57705.0,14,383,8,53,0,1,59
66825.0,73,243,4,405,0,0,58
72217.0,93,816,3,450,0,0,63
37859.0,75,22,1,8,1,2,63
25545.0,35,32,2,64,1,0,38
65808.0,1,155,5,80,1,1,54
46015.0,25,38,1,2,1,1,70
84953.0,73,167,3,602,0,0,72
76982.0,19,464,8,292,0,0,58
40662.0,0,40,2,23,1,0,46
38175.0,6,70,3,69,1,0,41
40851.0,63,23,1,7,1,1,54
42000.0,23,124,5,267,0,0,38
59184.0,6,341,6,113,0,1,64
31686.0,31,11,1,5,1,1,61
54809.0,0,63,2,57,1,1,48
22634.0,47,2,2,11,0,0,59
46931.0,94,41,1,17,2,1,48
31590.0,40,6,1,15,1,0,53
36957.0,43,100,3,16,1,1,72
28457.0,96,24,4,108,0,0,73
61010.0,57,888,8,57,0,1,73
64892.0,77,527,6,230,0,1,49
52597.0,69,492,6,37,0,1,63
78789.0,12,667,4,850,0,0,45
30843.0,43,24,1,2,1,1,59
64857.0,78,556,7,717,0,0,69
13624.0,93,10,2,15,1,0,49
21840.0,80,17,1,9,1,0,42
66476.0,99,372,5,126,0,1,49
69209.0,4,496,5,849,0,0,53
20180.0,27,18,2,24,0,0,49
38200.0,19,12,1,4,1,1,55
52157.0,48,189,3,29,0,1,75
38725.0,52,31,1,6,1,1,70
58582.0,15,402,9,106,0,1,43
37760.0,20,84,4,38,0,0,79
54348.0,51,70,2,16,1,1,72
26887.0,27,6,1,4,0,1,66
46149.0,36,254,5,71,0,1,50
7500.0,7,2,3,11,1,0,46
74116.0,53,871,4,704,0,0,43
46779.0,55,12,0,3,1,1,65
102692.0,5,168,6,444,0,0,51
24882.0,52,1,1,10,1,0,47
49678.0,81,229,6,56,0,1,64
42021.0,34,393,10,136,1,0,44
78468.0,29,434,10,388,0,0,65
55914.0,32,384,11,364,0,1,50
42429.0,99,55,1,6,0,1,52
51650.0,81,152,4,22,0,1,49
58821.0,44,513,9,154,0,1,69
55563.0,22,29,2,9,0,1,47
35791.0,94,27,1,5,2,1,60
63841.0,64,635,9,100,0,1,57
69805.0,50,750,6,174,0,1,73
44953.0,31,728,7,133,0,0,44
57107.0,44,159,4,120,0,1,57
65814.0,90,561,8,113,0,1,59
26095.0,77,11,1,9,1,0,35
39996.0,85,11,1,3,1,1,51
67023.0,93,444,3,382,0,0,47
41644.0,67,20,1,4,1,1,53
60199.0,49,8,0,7,1,2,47
66000.0,36,244,1,270,0,0,78
63841.0,64,635,9,100,0,1,57
41850.0,51,53,3,19,1,1,45
23331.0,97,104,5,101,1,0,37
59925.0,83,473,9,176,0,1,70
57642.0,24,580,7,58,0,1,55
85620.0,68,416,3,925,0,0,61
59235.0,4,448,11,469,1,0,58
73059.0,36,410,9,420,0,1,78
30261.0,75,8,0,5,1,2,53
72159.0,62,322,4,899,0,0,47
20180.0,27,18,2,24,0,0,49
61416.0,25,848,10,323,0,0,43
49667.0,35,1181,5,120,0,0,70
54237.0,48,267,5,30,0,1,68
38946.0,84,116,3,82,0,1,70
65640.0,74,204,5,149,0,1,51
52854.0,43,105,2,10,1,1,66
60161.0,17,584,11,212,0,1,60
91712.0,47,1276,9,746,0,0,78
42011.0,46,131,3,16,1,0,47
53359.0,4,173,5,30,1,1,49
43018.0,46,35,2,17,0,1,51
75774.0,27,340,7,134,1,0,44
51529.0,14,400,9,35,0,1,76
38054.0,24,23,2,17,1,1,75
44964.0,35,19,1,17,1,1,45
34320.0,66,4,1,9,1,0,39
23718.0,76,6,3,14,1,0,49
24336.0,82,1,1,2,1,0,44
63564.0,0,769,10,252,0,0,71
33168.0,0,80,2,37,0,1,60
63841.0,64,635,9,100,0,1,57
49269.0,92,639,7,166,1,0,54
60491.0,81,637,6,237,0,1,54
46106.0,84,30,1,8,1,1,49
75777.0,12,712,3,538,0,0,43
160803.0,21,55,0,1622,0,0,43
42557.0,98,192,6,53,0,1,51
73691.0,58,707,6,250,0,1,54
27889.0,42,14,1,4,1,0,48
68682.0,56,919,4,505,0,0,34
79410.0,19,658,3,483,0,0,64
57537.0,83,191,4,139,1,0,46
30368.0,97,35,2,13,0,1,48
28087.0,77,53,2,17,1,1,67
25410.0,48,2,1,4,1,0,52
67225.0,4,315,7,322,0,1,70
157733.0,37,39,1,9,1,0,54
78499.0,12,912,11,170,0,0,68
61872.0,81,330,4,159,0,1,55
44512.0,57,23,1,6,1,1,65
30523.0,0,5,1,3,2,1,67
9722.0,7,6,3,16,1,0,52
59754.0,96,115,5,44,0,1,60
70321.0,6,303,6,751,0,0,78
44393.0,86,24,1,20,1,1,60
22063.0,43,7,2,13,1,0,53
71107.0,61,533,7,217,0,1,74
26067.0,49,22,3,18,1,0,51
39922.0,30,29,3,59,1,0,42
34230.0,72,15,1,4,1,1,60
35641.0,11,63,3,67,1,0,53
30298.0,48,6,1,12,0,0,40
46344.0,28,233,7,57,0,1,53
78497.0,44,207,5,447,0,0,74
27733.0,16,0,2,5,1,0,44
61250.0,49,382,5,65,0,1,66
49669.0,97,166,5,107,1,0,51
69969.0,64,882,4,514,0,0,60
48432.0,3,322,7,50,0,1,52
23830.0,3,1,1,6,0,0,38
65846.0,68,562,6,276,0,0,80
51876.0,88,99,2,102,0,0,67
78427.0,36,972,3,595,0,0,77
39791.0,89,85,3,27,0,1,54
57136.0,18,267,7,599,0,0,58
79800.0,65,1060,5,530,0,0,70
70971.0,28,1001,11,572,0,1,65
72570.0,67,274,4,216,0,0,41
42033.0,95,11,1,4,1,1,54
33419.0,76,56,2,12,0,1,63
82582.0,54,510,4,550,0,0,48
65747.0,96,346,8,48,0,1,56
30507.0,29,65,5,74,0,0,65
54197.0,16,162,1,37,0,1,65
48721.0,50,81,4,113,1,1,62
53233.0,18,28,1,9,0,1,68
22554.0,38,27,2,10,1,1,70
52034.0,67,146,4,93,1,1,52
62972.0,39,313,7,47,0,1,70
30351.0,19,14,3,24,1,0,51
38196.0,20,30,2,11,1,1,54
33590.0,65,4,1,2,2,1,51
62845.0,3,1099,3,45,1,1,76
36230.0,17,14,2,30,1,0,54
20193.0,18,8,1,22,0,0,34
26490.0,92,45,3,52,0,0,67
45503.0,54,97,3,44,1,0,50
64090.0,8,316,6,161,0,1,69
22390.0,49,0,1,4,0,0,56
24762.0,16,6,3,12,1,0,53
48432.0,3,322,7,50,0,1,52
60905.0,27,208,3,76,0,1,75
44325.0,69,516,8,21,0,1,53
36975.0,50,10,1,11,1,0,47
36075.0,54,46,2,30,1,0,42
44159.0,85,167,4,62,1,0,55
46681.0,52,269,4,69,0,2,77
42523.0,96,14,1,11,0,0,61
85738.0,41,913,3,376,0,0,47
59385.0,85,135,3,10,1,1,74
63381.0,78,571,4,142,0,1,65
25818.0,51,5,0,8,1,0,54
56551.0,48,67,2,32,1,1,75
14045.0,24,11,1,5,1,0,56
68148.0,86,389,4,408,0,0,68
75342.0,38,204,5,97,0,1,67
23957.0,47,2,2,18,1,0,50
23331.0,92,5,3,7,1,0,37
57113.0,45,182,4,33,1,1,47
67267.0,0,134,3,59,0,1,67
8820.0,52,12,3,13,1,1,73
46734.0,86,100,3,39,1,2,59
34074.0,69,135,3,41,1,1,73
32303.0,63,35,1,2,0,1,55
54450.0,0,454,9,171,1,1,69
30801.0,23,8,1,5,0,1,50
61917.0,83,46,2,36,1,1,51
80067.0,82,519,4,813,0,0,71
16626.0,76,8,3,22,2,0,54
74985.0,8,587,3,898,0,0,48
31395.0,80,23,2,25,1,1,69
19510.0,63,9,1,7,2,0,40
63693.0,63,587,11,337,0,1,47
71391.0,50,336,6,274,0,1,69
39922.0,30,29,3,59,1,0,42
82427.0,35,482,3,509,0,0,59
62335.0,87,243,3,217,0,1,73
52117.0,55,112,5,107,0,1,60
52914.0,32,254,7,44,0,1,54
83145.0,14,777,5,731,0,0,51
34916.0,89,51,5,82,2,0,57
77981.0,78,138,7,204,1,0,53
46374.0,1,408,7,21,0,1,51
75794.0,33,754,7,625,0,0,38
76140.0,57,586,5,653,0,0,77
46344.0,38,11,1,6,1,1,71
45938.0,46,273,8,178,0,0,64
50002.0,21,443,8,71,0,1,71
22804.0,75,14,2,7,1,0,54
20587.0,39,2,1,6,1,0,55
87188.0,73,910,10,724,0,0,42
64260.0,1,539,4,816,0,0,64
36778.0,63,29,3,34,1,1,57
91172.0,94,162,4,818,0,0,35
42731.0,64,159,4,51,1,0,56
32644.0,38,239,7,141,1,0,52
25965.0,29,2,2,11,0,0,45
38946.0,84,116,3,82,0,1,70
74190.0,49,151,4,86,0,1,50
66503.0,30,91,4,128,1,0,40
78710.0,42,721,7,152,0,1,48
70844.0,16,129,6,67,1,1,58
57072.0,79,944,7,60,0,1,64
35178.0,10,23,1,13,1,0,54
37633.0,49,13,1,20,1,1,68
28249.0,80,1,2,7,0,0,64
15716.0,8,16,3,30,1,0,37
50200.0,70,266,7,51,1,1,49
60544.0,92,201,5,43,1,1,64
57045.0,40,296,4,104,0,1,75
32952.0,36,38,2,12,1,0,48
38680.0,97,11,2,36,1,0,41
19740.0,65,7,1,3,0,1,65
43602.0,45,19,3,12,1,1,59
69109.0,10,823,6,459,0,0,43
76234.0,21,519,8,167,0,1,53
57731.0,0,266,8,300,0,1,56
24594.0,94,1,1,6,1,0,46
28764.0,16,8,1,3,1,1,59
45183.0,33,219,4,60,0,0,63
36108.0,68,141,7,129,1,0,41
32583.0,10,5,1,3,1,1,64
90273.0,32,704,5,853,0,0,34
15056.0,76,6,2,3,1,1,67
67605.0,84,336,2,282,0,0,38
25315.0,46,1,3,8,1,0,48
49544.0,0,308,5,73,1,0,49
39763.0,9,80,5,60,1,0,54
77598.0,53,1193,7,281,0,0,82
30096.0,30,5,2,11,1,0,42
34961.0,77,45,3,26,1,0,52
62466.0,13,129,6,259,0,1,55
38683.0,80,46,4,69,1,0,36
75484.0,50,378,7,259,0,1,49
30396.0,22,15,1,6,1,0,56
37126.0,9,45,1,9,1,0,54
29604.0,88,7,1,13,1,0,37
74293.0,66,375,5,335,0,0,32
70123.0,27,1308,5,396,0,0,42
15345.0,51,5,1,16,1,0,41
32146.0,16,26,2,23,1,0,42
32173.0,0,18,1,2,0,1,67
70379.0,84,553,6,142,0,1,49
70647.0,65,561,4,171,0,1,58
82800.0,23,1006,7,115,0,0,79
49160.0,29,122,3,43,0,1,76
29732.0,23,25,2,8,1,0,54
48192.0,76,1039,2,204,0,0,67
44989.0,26,98,5,106,0,1,51
24279.0,6,16,4,21,0,0,35
72258.0,28,522,6,522,0,1,54
70886.0,65,407,5,239,1,0,54
69142.0,50,448,8,34,0,1,73
30828.0,16,16,1,15,1,0,45
62535.0,13,163,3,90,0,1,70
66426.0,14,1043,3,97,0,1,64
91065.0,33,822,7,108,0,0,44
41437.0,5,29,1,2,1,1,68
62499.0,0,140,3,61,1,0,46
37697.0,82,34,2,21,1,0,49
59594.0,74,457,8,29,0,1,60
65492.0,73,247,4,295,0,0,66
23272.0,29,19,1,6,0,0,72
7500.0,61,5,1,3,0,1,46
37971.0,97,5,1,10,1,0,52
70666.0,29,398,7,367,0,0,77
70038.0,54,587,4,348,0,0,43
48070.0,33,373,8,83,0,1,75
76005.0,72,983,3,389,0,0,70
30822.0,92,3,1,13,1,0,56
31626.0,12,39,2,9,1,0,47
82017.0,58,184,5,446,0,0,68
87171.0,27,1001,6,107,0,0,44
86424.0,12,387,6,569,0,0,69
30675.0,14,10,1,16,1,0,53
70924.0,41,635,6,254,0,0,60
66303.0,56,1090,3,96,0,1,54
38988.0,90,164,5,103,1,2,53
65968.0,12,376,5,83,0,1,55
34824.0,65,4,1,11,0,0,30
25509.0,15,40,3,30,1,0,51
75922.0,60,265,4,553,0,0,57
70356.0,20,1349,10,249,0,0,80
60482.0,81,255,7,134,0,1,49
71022.0,30,909,5,278,0,1,47
53253.0,61,216,4,57,1,1,50
63998.0,42,176,7,818,0,0,73
28440.0,87,38,2,24,1,0,51
35860.0,37,15,1,8,1,1,52
76842.0,37,605,1,345,0,0,75
68657.0,4,482,3,471,0,0,79
41452.0,86,13,1,3,1,1,72
41020.0,68,112,3,54,0,0,38
53761.0,7,158,4,76,1,1,53
29435.0,11,70,3,37,1,1,59
52203.0,36,488,8,238,0,0,75
83273.0,98,433,4,650,1,2,55
64961.0,97,382,6,276,0,1,67
,82,23,3,15,1,0,44
30081.0,27,36,1,2,0,1,64
57811.0,49,545,7,114,0,1,59
31761.0,96,19,3,20,1,0,41
105471.0,36,1009,9,104,0,0,55
74004.0,5,784,4,560,0,0,38
19656.0,94,25,2,9,1,0,55
59292.0,71,378,3,68,0,1,75
71499.0,12,465,8,132,0,1,54
45759.0,13,42,2,18,1,1,61
7144.0,92,81,23,33,0,2,59
83715.0,2,318,2,407,0,0,63
65308.0,60,713,7,264,0,0,52
79456.0,12,565,5,548,0,0,69
20518.0,58,4,1,6,1,0,37
71163.0,30,283,3,372,0,0,30
2447.0,42,1,0,1725,1,0,46
66664.0,78,398,5,447,0,0,43
26954.0,17,4,1,11,1,0,54
16927.0,50,20,3,23,1,1,49
42160.0,26,48,2,45,1,1,50
51766.0,74,60,4,87,1,0,45
62058.0,52,301,6,74,0,1,69
42231.0,99,24,1,8,1,1,56
62998.0,10,120,5,73,0,1,73
58692.0,21,301,8,61,0,1,60
19414.0,32,2,1,12,1,0,44
24072.0,79,9,1,6,1,0,42
28691.0,56,5,1,13,1,0,36
75261.0,17,1239,5,413,0,0,70
41967.0,66,23,1,10,1,1,44
44078.0,17,24,2,10,1,1,56
61825.0,56,162,4,100,0,1,46
67381.0,67,815,2,53,0,1,74
48918.0,21,52,1,9,1,1,62
23228.0,71,13,2,18,1,0,56
